ID,Author,Title,Date,Gazette,,,,
1,Emre Kongar,Sumsare: Rüşvet ve hırsızlık üzerine,5.12.2017,Cumhuriyet Newspaper,,,,
3,MEHMED ŞEVKET EYGİ,Haysiyetli ve Vasıflı Müslüman Olmak İçin,5.12.2017,National Newspaper,,,,
4,Güray Öz,‘Vay Peşlerine mi Takıldın!’,6.12.2017,Cumhuriyet Newspaper,,,,
5,Güray Öz,‘Pelikan Yayıncılığı’ İşe Yarar mı?,4.12.2017,Cumhuriyet Newspaper,,,,
6,Güray Öz,Akademi Direniyor,3.12.2017,Cumhuriyet Newspaper,,,,
7,Güray Öz,Gerçeğin Aynasıdır Hayal,1.12.2017,Cumhuriyet Newspaper,,,,
8,Güray Öz,Memleket Meselesi,29.11.2017,Cumhuriyet Newspaper,,,,
9,Güray Öz,Okurlarla Daha Yakın İlişki,27.11.2017,Cumhuriyet Newspaper,,,,
10,Güray Öz,Yalnızca Bir Semt Adıdır,26.11.2017,Cumhuriyet Newspaper,,,,
11,Güray Öz,Şu İktidar Meselesi,24.11.2017,Cumhuriyet Newspaper,,,,
12,Güray Öz,Tehlikeler, Tehditler, Olanaklar,22.11.2017,Cumhuriyet Newspaper,,
13,Güray Öz,Gazetenin, Gazetecinin Dili,20.11.2017,Cumhuriyet Newspaper,,,
14,Özgür Mumcu,Memleketi zayıflatanlar,6.12.2017,Cumhuriyet Newspaper,,,,
15,Özgür Mumcu,Erdoğan aşkı,2.12.2017,Cumhuriyet Newspaper,,,,
16,Özgür Mumcu,Bu milli bir meseledir,30.11.2017,Cumhuriyet Newspaper,,,,
17,Özgür Mumcu,Aile şirketi,29.11.2017,Cumhuriyet Newspaper,,,,
18,Özgür Mumcu,Hep beraber gerilerken,16.11.2017,Cumhuriyet Newspaper,,,,
19,Özgür Mumcu,Bahçeli’nin barajı,15.11.2017,Cumhuriyet Newspaper,,,,
20,Özgür Mumcu,OHAL’de seçim,11.11.2017,Cumhuriyet Newspaper,,,,
21,Özgür Mumcu,Kutlanacak iş,9.11.2017,Cumhuriyet Newspaper,,,,
22,Özgür Mumcu,Diktatöre diktatör denir mi?,2.11.2017,Cumhuriyet Newspaper,,,,
23,Özgür Mumcu,Tehdit iddiası,1.11.2017,Cumhuriyet Newspaper,,,,
24,Tayfun Atay,‘Mevlid-i Nebi’, Noel’e naziredir!,4.12.2017,Cumhuriyet Newspaper,,,
25,Tayfun Atay,AKP, Graham Fuller’e çok şey borçludur,3.12.2017,Cumhuriyet Newspaper,,,
26,Tayfun Atay,Mikroplar Müslüman mı?,29.11.2017,Cumhuriyet Newspaper,,,,
27,Tayfun Atay,Sufilik, Selefilik, IŞİD, Türkiye,27.11.2017,Cumhuriyet Newspaper,
28,Tayfun Atay,En iyi öğretmen, ‘ebediyen öğrenci’ olandır!,26.11.2017,Cumhuriyet Newspaper,,,
29,Tayfun Atay,Hakikat yuvarlandıysa dünya düzdür!,22.11.2017,Cumhuriyet Newspaper,,,,
30,Tayfun Atay,Dini, medyada eğlence mektepte eziyet yaptılar!,20.11.2017,Cumhuriyet Newspaper,,,
31,Tayfun Atay,Kalmasın ellerim sizlerden uzak!,13.11.2017,Cumhuriyet Newspaper,,,,
32,Tayfun Atay,İslam çoktur!,12.11.2017,Cumhuriyet Newspaper,,,,
33,Tayfun Atay,AKP, Atatürk’ü mü keşfediyor?,10.11.2017,Cumhuriyet Newspaper,,,
34,Doğan Hızlan,Sözlüklerin önemi ve işlevi,7.12.2017,Liberty Newspaper,,,,
35,Doğan Hızlan,Oğuz Atay’ı anarken,5.12.2017,Liberty Newspaper,,,,
36,Doğan Hızlan,Üç arkadaş ses ve gönül vermişler,3.12.2017,Liberty Newspaper,,,,
37,Doğan Hızlan,Ömer Seyfettin’i tanıyor musunuz?,2.12.2017,Liberty Newspaper,,,,
38,Doğan Hızlan,Mersin’in edebiyat ödülü Haydar Ergülen’in,1.12.2017,Liberty Newspaper,,,,
39,Doğan Hızlan,Mevlut Akyıldız mutlaka bir Mozart operasının dekorunu çizmeli,30.11.2017,Liberty Newspaper,,,,
40,Doğan Hızlan,Tanburi Necdet Yaşar’ın ardından,28.11.2017,Liberty Newspaper,,,,
41,Doğan Hızlan,Dinlenmesi gereken iki CD,26.11.2017,Liberty Newspaper,,,,
42,Doğan Hızlan,Hayvanlarla sanat buluşunca...,25.11.2017,Liberty Newspaper,,,,
43,Doğan Hızlan,Yeni bir Atatürk albümü,24.11.2017,Liberty Newspaper,,,,
44,Taha Akyol,Kudüs faciası,7.12.2017,Liberty Newspaper,,,,
45,Pınar Öğünç,Bugünün ‘esası’ savunmada,28.7.2017,Cumhuriyet Newspaper,,,,
46,Pınar Öğünç,Hayır rüzgârında 1 Mayıs,2.5.2017,Cumhuriyet Newspaper,,,,
47,Pınar Öğünç,Bir tava bir kepçe,19.4.2017,Cumhuriyet Newspaper,,,,
48,Pınar Öğünç,‘Hayır’a baskı tarihe geçecek,17.4.2017,Cumhuriyet Newspaper,,,,
49,Pınar Öğünç,Kadınlar haykırıyor: Hayat bizim senin mi sandın?,14.4.2017,Cumhuriyet Newspaper,,,,
50,Pınar Öğünç,Hitler'li iki tespit,4.4.2017,Cumhuriyet Newspaper,,,,
51,Pınar Öğünç,Evet ve hayır diye iki seçenek varsa, bu ne?,1.4.2017,Cumhuriyet Newspaper,,,
52,Taha Akyol,Unuttuğumuz kavramlar,6.12.2017,Liberty Newspaper,,,,
53,Pınar Öğünç,Aliyev’den Türkiye’ye başkanlık uyarıları: Yapmaz demeyin her şeyi yaparlar,20.3.2017,Cumhuriyet Newspaper,,,,
54,Taha Akyol,Bu coğrafyada,5.12.2017,Liberty Newspaper,,,,
55,Pınar Öğünç,Paker: Psikososyal dengemiz bozuldu,15.3.2017,Cumhuriyet Newspaper,,,,
56,Taha Akyol,Başka yol yok mu?,4.12.2017,Liberty Newspaper,,,,
57,Taha Akyol,Yargı ne yapar?,2.12.2017,Liberty Newspaper,,,,
58,Taha Akyol,‘İnce sanat’,1.12.2017,Liberty Newspaper,,,,
59,Pınar Öğünç,Ahmet'inki bir tehdit değil sadece durum tespiti,22.2.2017,Cumhuriyet Newspaper,,,,
60,Ceyda Karan,Suudilerin son Yemen oyunu,6.12.2017,Cumhuriyet Newspaper,,,,
61,Ceyda Karan,Zarrab, İran, yaptırımlar,1.12.2017,Cumhuriyet Newspaper,,
62,Ceyda Karan,Ordu-cami arasında binamaz ülke,29.11.2017,Cumhuriyet Newspaper,,,,
63,Ceyda Karan,Zimbabve’de ‘düzeltme’,24.11.2017,Cumhuriyet Newspaper,,,,
64,Ceyda Karan,RusyaGate,22.11.2017,Cumhuriyet Newspaper,,,,
65,Ceyda Karan,Hakikaten ‘dünya ahmak değil’,17.11.2017,Cumhuriyet Newspaper,,,,
66,Ceyda Karan,Suudi reformcunun Yemen kıyımı,15.11.2017,Cumhuriyet Newspaper,,,,
67,Ceyda Karan,Lübnan, Hariri ve aynı kara komedi,10.11.2017,Cumhuriyet Newspaper,,,
68,Ceyda Karan,MbS’nin taht oyunları,8.11.2017,Cumhuriyet Newspaper,,,,
69,Ceyda Karan,Irak’ın Haşdi’si,3.11.2017,Cumhuriyet Newspaper,,,,
70,Taha Akyol,Son sözü hukuk söyler,30.11.2017,Liberty Newspaper,,,,
71,Taha Akyol,‘Beyefendi istiyor’,29.11.2017,Liberty Newspaper,,,,
72,Taha Akyol,Kapıları açmak,28.11.2017,Liberty Newspaper,,,,
73,Taha Akyol,‘İslam adına’,27.11.2017,Liberty Newspaper,,,,
74,Abdulkadir Selvi,Kılıçdaroğlu’nun MİT raporu gerçek mi?,7.12.2017,Liberty Newspaper,,,,
75,Erinç Yeldan,Küresel Tarihçe, 1945-79,6.12.2017,Cumhuriyet Newspaper,,,
76,Erinç Yeldan,Bir ‘Öğretmenler Günü’ daha geride kaldı,29.11.2017,Cumhuriyet Newspaper,,,,
77,Erinç Yeldan,Sınıf gerçeği,22.11.2017,Cumhuriyet Newspaper,,,,
78,Erinç Yeldan,‘Yeni’ IMF,25.10.2017,Cumhuriyet Newspaper,,,,
79,Erinç Yeldan,Borca dayalı spekülatif büyüme,18.10.2017,Cumhuriyet Newspaper,,,,
80,Erinç Yeldan,Küresel ücretli emeğin görünümü,4.10.2017,Cumhuriyet Newspaper,,,,
81,Erinç Yeldan,İklim değişikliğinin sınıfsal boyutu,20.9.2017,Cumhuriyet Newspaper,,,,
82,Erinç Yeldan,Milli gelir hesapları,13.09.2017,Cumhuriyet Newspaper,,,,
83,Erinç Yeldan,Derinden Gelen Kökler...,6.9.2017,Cumhuriyet Newspaper,,,,
84,Erinç Yeldan,İktisada farklı bir giriş,23.8.2017,Cumhuriyet Newspaper,,,,
85,Evin İlyasoğlu,Debussy’nin buğulu müziği,6.12.2017,Cumhuriyet Newspaper,,,,
86,Evin İlyasoğlu,Luzern Piyano Festivali’nden,29.11.2017,Cumhuriyet Newspaper,,,,
87,Evin İlyasoğlu,Verika kanatlanıp uçtu,22.11.2017,Cumhuriyet Newspaper,,,,
88,Evin İlyasoğlu,Ülkemizin aydınlık yüzleri,15.11.2017,Cumhuriyet Newspaper,,,,
89,Evin İlyasoğlu,AKM karanlıktan nasıl kurtulacak?,8.11.2017,Cumhuriyet Newspaper,,,,
90,Evin İlyasoğlu,Musiki birdir ve muazzam bir kubbedir,1.11.2017,Cumhuriyet Newspaper,,,,
91,Evin İlyasoğlu,BİFO yeni mevsime hızlı başladı...,25.10.2017,Cumhuriyet Newspaper,,,,
92,Abdulkadir Selvi,Ebru’yu da al ABD’ye gel,6.12.2017,Liberty Newspaper,,,,
93,Abdulkadir Selvi,FETÖ’nün yeni sistemi nasıl çözüldü,5.12.2017,Liberty Newspaper,,,,
94,Evin İlyasoğlu,Cemal Reşit Rey’e saygı,18.10.2017,Cumhuriyet Newspaper,,,,
95,Evin İlyasoğlu,Leyla Gencer’in izinde,11.10.2017,Cumhuriyet Newspaper,,,,
96,Evin İlyasoğlu,Konserleri nasıl seçersiniz?,20.9.2017,Cumhuriyet Newspaper,,,,
97,Selçuk Erez,Çalıyor ama çalışıyor,7.12.2017,Cumhuriyet Newspaper,,,,
98,Selçuk Erez,Minibüste açık saçık,30.11.2017,Cumhuriyet Newspaper,,,,
99,Selçuk Erez,Rusya ile kuzusarması,23.11.2017,Cumhuriyet Newspaper,,,,
100,Selçuk Erez,Gereğinde Atatürkçü de oluruz!,16.11.2017,Cumhuriyet Newspaper,,,,
101,Abdulkadir Selvi,Zarrab gizemi büyüyor,4.12.2017,Liberty Newspaper,,,,
102,Selçuk Erez,Taş doğuraydım!,9.11.2017,Cumhuriyet Newspaper,,,,
103,Selçuk Erez,Vadikara geliyor,2.11.2017,Cumhuriyet Newspaper,,,,
104,Selçuk Erez,Lahanalarımı görseniz!,26.10.2017,Cumhuriyet Newspaper,,,,
105,Abdulkadir Selvi,Erdoğan-Kılıçdaroğlu kavgası ve Zarrab’a teklif,30.11.2017,Liberty Newspaper,,,,
106,Selçuk Erez,Dünyanın en iyi okulları Türkiye’de,19.10.2017,Cumhuriyet Newspaper,,,,
107,Selçuk Erez,Dünyayı kurtaran madam,12.10.2017,Cumhuriyet Newspaper,,,,
108,Abdulkadir Selvi,Şehidimiz de Zarrab davasına alındı,29.11.2017,Liberty Newspaper,,,,
109,Selçuk Erez,Gemi batıyor Kaptan nerede?,5.10.2017,Cumhuriyet Newspaper,,,,
110,Abdulkadir Selvi,Zarrab’a sorulan ilginç sorular,28.11.2017,Liberty Newspaper,,,,
111,Abdulkadir Selvi,Zarrab ayarlı Cumhurbaşkanlığı hesapları,27.11.2017,Liberty Newspaper,,,,
112,Abdulkadir Selvi,Zarrab operasyonunun ekonomik ve siyasi boyutu,23.11.2017,Liberty Newspaper,,,,
113,Abdulkadir Selvi,AK Parti, MHP ile seçime ortak girecek mi?,16.11.2017,Liberty Newspaper,,,
114,Emre Kongar,Sumsare Ragnok: Kerberos,7.12.2017,Cumhuriyet Newspaper,,,,
115,Deniz Zeyrek,Kudüs, neden şimdi?,7.12.2017,Liberty Newspaper,,,
116,Emre Kongar,Sumsare: Rüşvet ve hırsızlık üzerine,5.12.2017,Cumhuriyet Newspaper,,,,
117,Emre Kongar,Türk devrimi ve demokratik paradigmalar-20/2 Sonuç-2,3.12.2017,Cumhuriyet Newspaper,,,,
118,Emre Kongar,Türk devrimi ve demokratik paradigmalar-20/1 sonuç-1,1.12.2017,Cumhuriyet Newspaper,,,,
119,Deniz Zeyrek,Kılıçdaroğlu’nun ikinci cephesi: Kongreler,4.12.2017,Liberty Newspaper,,,,
120,Emre Kongar,Türk devrimi ve demokrasi: Özet-19,30.11.2017,Cumhuriyet Newspaper,,,,
121,Emre Kongar,Demokrasiye karşı ‘post modern ortaçağ’ çabaları-18,28.11.2017,Cumhuriyet Newspaper,,,,
122,Deniz Zeyrek,İran’a uygulanan ambargo ve Zarrab’ın konumu,2.12.2017,Liberty Newspaper,,,,
123,Emre Kongar,Atatürk’ün devrimciliği - 17,26.11.2017,Cumhuriyet Newspaper,,,,
124,Emre Kongar,Cumhuriyet ve demokrasi-16,24.11.2017,Cumhuriyet Newspaper,,,,
125,Deniz Zeyrek,ABD ve AB o faydayı sunuyor mu?,1.12.2017,Liberty Newspaper,,,,
126,Emre Kongar,Kuramsal tartışmalara bir reklam arası,23.11.2017,Cumhuriyet Newspaper,,,,
127,Deniz Zeyrek,Kılıçdaroğlu’nun çıkışının etki analizi,30.11.2017,Liberty Newspaper,,,,
128,Emre Kongar,Marx, Weber, Marcuse ve Atatürk - 15/2,21.11.2017,Cumhuriyet Newspaper,,
129,Deniz Zeyrek,O fotoğraftaki eksik,28.11.2017,Liberty Newspaper,,,,
130,Deniz Zeyrek,AK Parti MHP çizgisine mi geldi,25.11.2017,Liberty Newspaper,,,,
131,Deniz Zeyrek,İnsan bazen gerçekten hayret ediyor!,24.11.2017,Liberty Newspaper,,,,
132,Deniz Zeyrek,Astana-Soçi hattında ulaşılan hedefler ve çıkmazlar,23.11.2017,Liberty Newspaper,,,,
133,Deniz Zeyrek,‘Hukuk yaşayan bir şey, yolunu bulur’,17.11.2017,Liberty Newspaper,,,
134,Nuray Mert,‘Yeni devlet’,7.8.2017,Cumhuriyet Newspaper,,,,
135,Nuray Mert,Müftü nikâhı ve İslami rejim,4.8.2017,Cumhuriyet Newspaper,,,,
136,Nuray Mert,‘Hans’ın ne dediği’,31.7.2017,Cumhuriyet Newspaper,,,,
137,Nuray Mert,‘Evrim teorisi’,28.7.2017,Cumhuriyet Newspaper,,,,
138,Nuray Mert,Yeni Türkiye’nin tarih yazımı,24.7.2017,Cumhuriyet Newspaper,,,,
139,Nuray Mert,15 Temmuz’un anlamı,17.7.2017,Cumhuriyet Newspaper,,,,
140,Nuray Mert,15 Temmuz,14.7.2017,Cumhuriyet Newspaper,,,,
141,Nuray Mert,Parayla saadet olmaz,10.7.2017,Cumhuriyet Newspaper,,,,
142,Nuray Mert,‘Adalet Yürüyüşü’ ve 15 Temmuz,7.7.2017,Cumhuriyet Newspaper,,,,
143,Nuray Mert,Rıdvan Bey, Katar ve diğerleri,3.7.2017,Cumhuriyet Newspaper,,,
144,Osman Müftüoğlu,N’olur birazcık uyku!,7.12.2017,Liberty Newspaper,,,,
145,Osman Müftüoğlu,Evlilerin bunama riski neden daha az?,6.12.2017,Liberty Newspaper,,,,
146,Osman Müftüoğlu,Diyetler mi başarısız siz mi?,5.12.2017,Liberty Newspaper,,,,
147,Osman Müftüoğlu,Her 10 çocuktan 1’i hasta,4.12.2017,Liberty Newspaper,,,,
148,Osman Müftüoğlu,Keto diyetlere neden karşıyız?,2.12.2017,Liberty Newspaper,,,,
149,Osman Müftüoğlu,Bir kanserojen ve üç mühim soru,1.12.2017,Liberty Newspaper,,,,
150,Osman Müftüoğlu,Yeni bir yıla girerken aralıklı diyet denemeleri,30.11.2017,Liberty Newspaper,,,,
151,Osman Müftüoğlu,Hs-CRP testi neden önemli?,29.11.2017,Liberty Newspaper,,,,
152,Osman Müftüoğlu,KOAH sadece KOAH’tan mı ibaret?,28.11.2017,Liberty Newspaper,,,,
153,Osman Müftüoğlu,Ne kadar uyku lazım,27.11.2017,Liberty Newspaper,,,,
154,Kanat Atkaya,Yeter artık be! Vicdanlı olun biraz,7.12.2017,Liberty Newspaper,,,,
155,Kanat Atkaya,Mutluluktan haber ver ‘Değer Taşı’,5.12.2017,Liberty Newspaper,,,,
156,Kanat Atkaya,Vay Man vay,30.11.2017,Liberty Newspaper,,,,
157,Kanat Atkaya,Sen yaptın olmadı işte beyim,28.11.2017,Liberty Newspaper,,,,
158,Kanat Atkaya,Ucuz mucuz atlatmadan geçiyoruz,23.11.2017,Liberty Newspaper,,,,
159,Kanat Atkaya,Hemen büyü çocuk,21.11.2017,Liberty Newspaper,,,,
160,Kanat Atkaya,3 kahraman kötülüklere karşı,14.11.2017,Liberty Newspaper,,,,
161,Kanat Atkaya,Eşkıya dünyaya hükümdar olmuş,7.11.2017,Liberty Newspaper,,,,
162,Kanat Atkaya,‘İmdat! Yorgunuz, eziliyoruz, ölüyoruz’,2.11.2017,Liberty Newspaper,,
163,Kanat Atkaya,‘Reklamlarda buluşuruz bayram geçer vuruşuruz’,31.10.2017,Liberty Newspaper,,,,
164,Savaş Özbey,Başarılı, mutlu ve güzellerden ne istiyoruz?,8.12.2017,Liberty Newspaper,,,
165,Savaş Özbey,Peşin peşin Altın Kelebek gıybetleri,5.12.2017,Liberty Newspaper,,,,
166,Savaş Özbey,Ünlülerin Japon’u Miyabi,2.12.2017,Liberty Newspaper,,,,
167,Savaş Özbey,İstanbul’un en Heijan’lı yeri: Bağcılar...,1.12.2017,Liberty Newspaper,,,,
168,Savaş Özbey,Gitmek ya da gitmemek işte bütün mesele bu!,17.11.2017,Liberty Newspaper,,,,
169,Savaş Özbey,AKM’yi yıkmak medeniyetimizden ne koparacak?,10.11.2017,Liberty Newspaper,,,,
170,Savaş Özbey,Robot Safiye nasıl kurtulur?,3.11.2017,Liberty Newspaper,,,,
171,Savaş Özbey,En kötü haftanız böyle olsun!,28.10.2017,Liberty Newspaper,,,,
172,Savaş Özbey,Yak bütün fotoğrafları,27.10.2017,Liberty Newspaper,,,,
173,Savaş Özbey,Kafamda deli sorular,20.10.2017,Liberty Newspaper,,,,
174,Nilgün Tekfidan Gümüş,Kudüs kararı niye şimdi?,8.12.2017,Liberty Newspaper,,,,
175,Nilgün Tekfidan Gümüş,Soçi sürecinin şifreleri,24.11.2017,Liberty Newspaper,,,,
176,Nilgün Tekfidan Gümüş,Eğitim sistemi nasıl olmalı,17.11.2017,Liberty Newspaper,,,,
177,Nilgün Tekfidan Gümüş,10 maddede Ortadoğu satrancı,10.11.2017,Liberty Newspaper,,,,
178,Nilgün Tekfidan Gümüş,Suudilerin ‘ılımlı İslam’ açılımı,27.10.2017,Liberty Newspaper,,,,
179,Nilgün Tekfidan Gümüş,Kerkük sonrası riskler,20.10.2017,Liberty Newspaper,,,,
180,Nilgün Tekfidan Gümüş,Yeni Almanya Türkiye’yi nasıl etkiler,29.9.2017,Liberty Newspaper,,,,
181,Nilgün Tekfidan Gümüş,10 maddede Kürt referandumu,22.9.2017,Liberty Newspaper,,,,
182,Nilgün Tekfidan Gümüş,Dış politikada kritik eylül,1.9.2017,Liberty Newspaper,,,,
183,Nilgün Tekfidan Gümüş,Ne olacak şu ABD'nin hali?,18.8.2017,Liberty Newspaper,,,,
184,Onur Baştürk,Sosyal medya üzerinden bir ‘küs’ oyunu,8.12.2017,Liberty Newspaper,,,,
185,Onur Baştürk,Hayat tam filmlik: Ebru Gündeş,4.12.2017,Liberty Newspaper,,,,
186,Onur Baştürk,Nasıl seçtiğin ayakkabı ayağını acıtmamalıysa yaşadığın aşk da öyle!,3.12.2017,Liberty Newspaper,,,,
187,Onur Baştürk,Cumartesi gecesi ateşi,01.12.2017,Liberty Newspaper,,,,
188,Onur Baştürk,Kızlar annelerini mi takip eder,29.11.2017,Liberty Newspaper,,,,
189,Onur Baştürk,Mahkeme emriyle anılarınız silinirse...,27.11.2017,Liberty Newspaper,,,,
190,Onur Baştürk,Herkesin “Delilik!” diyeceği bir şeyi yaptı,26.11.2017,Liberty Newspaper,,,,
191,Onur Baştürk,Instagram hayatları nasıl değiştiriyor,22.11.2017,Liberty Newspaper,,,,
192,Onur Baştürk,Pazar yerinden seçmeler,12.11.2017,Liberty Newspaper,,,,
193,Onur Baştürk,Mutlu muyuz gençler,29.10.2017,Liberty Newspaper,,,,
194,Müge Akgün,Her şeyimi kitaplarıma borçluyum,8.12.2017,Liberty Newspaper,,,,
195,Müge Akgün,Beş yıl geçmiş aradan...,2.12.2017,Liberty Newspaper,,,,
196,Müge Akgün,Kongrelerin en lezzetlisi,25.11.2017,Liberty Newspaper,,,,
197,Müge Akgün,Gastronomi dünyasında gündem yoğun,18.11.2017,Liberty Newspaper,,,,
198,Müge Akgün,Yaylacılık geleneği ve Karayaka koyunu,28.10.2017,Liberty Newspaper,,,,
199,Müge Akgün,Gıda atığı mı gıda israfı mı?,21.10.2017,Liberty Newspaper,,,,
200,Müge Akgün,Hayatın ritmi, renklerin dansı,14.10.2017,Liberty Newspaper,,,
201,Müge Akgün,Bağcılıkla yaşayan bir kasaba...,7.10.2017,Liberty Newspaper,,,,
202,Müge Akgün,Topraktan tabağa  yemeğin hikayesi,24.9.2017,Liberty Newspaper,,,,
203,Müge Akgün,Göcek her mevsimde bir başka güzel,16.9.2017,Liberty Newspaper,,,,
204,MEHMED ŞEVKET EYGİ,Sözde hür köleler,7.12.2017,National Newspaper,,,,
205,MEHMED ŞEVKET EYGİ,Âhir zaman olayları,7.12.2017,National Newspaper,,,,
206,MEHMED ŞEVKET EYGİ,Kendine zulm etmek,6.12.2017,National Newspaper,,,,
207,MEHMED ŞEVKET EYGİ,Haysiyetli ve Vasıflı Müslüman Olmak İçin,5.12.2017,National Newspaper,,,,
208,MEHMED ŞEVKET EYGİ,Müftülerin Nikâh Kıyması,4.12.2017,National Newspaper,,,,
209,MEHMED ŞEVKET EYGİ,Kendimi Kurtarmak İçin,3.12.2017,National Newspaper,,,,
210,MEHMED ŞEVKET EYGİ,Tıbba ve Sağlığa Dair,2.12.2017,National Newspaper,,,,
211,MEHMED ŞEVKET EYGİ,Tebrik,30.11.2017,National Newspaper,,,,
212,MEHMED ŞEVKET EYGİ,Randevular cep telefonları,29.11.2017,National Newspaper,,,,
213,MEHMED ŞEVKET EYGİ,Din mıncıklanıyor,28.11.2017,National Newspaper,,,,
214,MUSTAFA KURDAŞ,Uçaktan “Kudüs” mesajı,8.12.2017,National Newspaper,,,,
215,Engin Ardıç,Cikcik dünyası,8.12.2017,Morning Newspaper,,,,
216,MUSTAFA KURDAŞ,Hâlâ söylenmeyen lüzum üzerine…,2.11.2017,National Newspaper,,,,
217,Engin Ardıç,Tok evin aç kedisi,7.12.2017,Morning Newspaper,,,,
218,MUSTAFA KURDAŞ,Mücahid Başkan...,18.10.2017,National Newspaper,,,,
219,Engin Ardıç,Meral Hanım CHP’nin başına geçsin,6.12.2017,Morning Newspaper,,,,
220,Engin Ardıç,Çorba tadında sinema,4.12.2017,Morning Newspaper,,,,
221,Engin Ardıç,Yeşilçam’a saygı göstermeyin,3.12.2017,Morning Newspaper,,,,
222,Engin Ardıç,Orada da şiştin Kemal,2.12.2017,Morning Newspaper,,,,
223,Engin Ardıç,Bay Kemal,1.12.2017,Morning Newspaper,,,,
224,Engin Ardıç,Sustu Macroncular,30.11.2017,Morning Newspaper,,,,
225,MUSTAFA KURDAŞ,Naçizane İngiliz görevi!,12.8.2017,National Newspaper,,,,
226,Engin Ardıç,Gitmezoğlu,29.11.2017,Morning Newspaper,,,,
227,MUSTAFA KURDAŞ,15 Temmuz bize ne söylüyor!? ,15.7.2017,National Newspaper,,,,
228,Engin Ardıç,Demokrasi varsa buna da katlanacaksınız,27.11.2017,Morning Newspaper,,,,
229,MUSTAFA KURDAŞ,15 Temmuz’da Amerikan altyapısı var,14.7.2017,National Newspaper,,,,
230,MUSTAFA KURDAŞ,Mustafa Yaman...,13.7.2017,National Newspaper,,,,
231,MUSTAFA KURDAŞ,Söyler misiniz İsviçre’de toplanmış  Kıbrıs’ta neyi çözüyorsunuz?,5.7.2017,National Newspaper,,,,
232,MUSTAFA KURDAŞ,Çankaya, Çırağan ve Huber,20.6.2017,National Newspaper,,,
233,MUSTAFA KURDAŞ,Mersin’de Sağlık Bakanı Recep Akdağ’la “sağlık” sohbeti…,7.2.2017,National Newspaper,,,,
234,Dr. Necmettin Çalışkan,Erdemliler topluluğundan, suç toplumuna,1.12.2017,National Newspaper,,,
235,Dr. Necmettin Çalışkan,YÖK başkanlığı’na açık mektup,17.11.2017,National Newspaper,,,,
236,Dr. Necmettin Çalışkan,Yök ve Akademisyenlik,10.11.2017,National Newspaper,,,,
237,Dr. Necmettin Çalışkan,“İyi parti” hangi beklentilere cevap verebilecek? ,3.11.2017,National Newspaper,,,,
238,Dr. Necmettin Çalışkan,Siyasette “İyi”lik,27.10.2017,National Newspaper,,,,
239,Dr. Necmettin Çalışkan,Cumhurbaşkanımıza D-8’in Güçlendirilmesi İçin Çağrı-2,21.10.2017,National Newspaper,,,,
240,Dr. Necmettin Çalışkan,Kerbela, Yezid Ve Bitmeyen Nefret Tohumları 1,13.10.2017,National Newspaper,,,
241,Dr. Necmettin Çalışkan,İhvan ve Arap Baharı,6.10.2017,National Newspaper,,,,
242,Dr. Necmettin Çalışkan,Muhammed Mehdi Akif (1928-2017)-1,29.9.2017,National Newspaper,,,,
243,Dr. Necmettin Çalışkan,Tıkanan karar mekanizmaları ve eğitimde kaos,22.9.2017,National Newspaper,,,,
244,Reşat Nuri Erol,AKP ile CHP’nin perişanlıkları veSaadet Partisi,6.12.2017,National Newspaper,,,,
245,Reşat Nuri Erol,Kosova’dan Türkiye’ye Bakış (5): … Ve SONUÇ!,5.12.2017,National Newspaper,,,,
246,Reşat Nuri Erol,Kosova’dan Türkiye’ye Bakış (4): Üçüncü Tez,4.12.2017,National Newspaper,,,,
247,Reşat Nuri Erol,Kosova’dan Türkiye’ye bakış(3): Gruplar ve...,3.12.2017,National Newspaper,,,,
248,Reşat Nuri Erol,Kosova’dan Türkiye’ye bakış (2): Tezlere devam,2.12.2017,National Newspaper,,,,
249,Reşat Nuri Erol,Kosova’dan Türkiye’ye bakış (1): Önce Tezler,1.12.2017,National Newspaper,,,,
250,Reşat Nuri Erol,Sağlık, Sermaye, Suriye… Türkiye, İran, Rusya…,29.11.2017,National Newspaper
251,Reşat Nuri Erol,...Ve babam Nuri Erol için dua taleb,28.11.2017,National Newspaper,,,,
252,Reşat Nuri Erol,Pazar yazısı niyetine bazı sağlıklı hatırlatmalar,26.11.2017,National Newspaper,,,,
253,Reşat Nuri Erol,‘Bana ne Amerika’dan! Bana ne Amerika’dan!’(*),25.11.2017,National Newspaper,,,,
254,Remzi Çayır,Becayişten pul ekonomisine…,5.12.2017,National Newspaper,,,,
255,Remzi Çayır,Bizde işler neden normal seyrinde yürümez?,2.12.2017,National Newspaper,,,,
256,Remzi Çayır,Amerika’nın kafasında ne var?,1.12.2017,National Newspaper,,,,
257,Remzi Çayır,Yönetme iddiasında olanlar…,28.11.2017,National Newspaper,,,,
258,Remzi Çayır,Tanrımıza hamd olsun ya da…,25.11.2017,National Newspaper,,,,
259,Remzi Çayır,Amerikan mandacılığı ya da ambargosu,24.11.2017,National Newspaper,,,,
260,Remzi Çayır,Hatice’ye dedim ki…,21.11.2017,National Newspaper,,,,
261,Remzi Çayır,Küresel komplo devletin bekasına karşı,18.11.2017,National Newspaper,,,,
262,Remzi Çayır,Müslüman topluluklar Birliği Kongresi ya da mazlumların dirilişi,17.11.2017,National Newspaper,,,,
263,Remzi Çayır,Rasyonelleşmeye ihtiyaç var,14.11.2017,National Newspaper,,,,
264,Prof. Dr. Ata Atun,Görevim takiye yapmaktır,2.12.2017,National Newspaper,,,,
265,Prof. Dr. Ata Atun,Rumlardan yeni bir oyun daha,1.12.2017,National Newspaper,,,,
266,Prof. Dr. Ata Atun,Türkiye’nin yardımları ne zaman başladı?,27.11.2017,National Newspaper,,,,
267,Prof. Dr. Ata Atun,Kızılay Yardımları ve Rumlar,20.11.2017,National Newspaper,,,,
268,Prof. Dr. Ata Atun,Anastasiadis hâlâ hayal peşinde,17.11.2017,National Newspaper,,,,
269,Prof. Dr. Ata Atun,İzini bırakıp giden babam Hakkı Atun,15.11.2017,National Newspaper,,,,
270,Prof. Dr. Ata Atun,Suudi Arabistan’da neler oluyor?,10.11.2017,National Newspaper,,,,
271,Prof. Dr. Ata Atun,KKTC-Türkiye arasında yeni ticaret anlayışı,6.11.2017,National Newspaper,,,,
272,Prof. Dr. Ata Atun,İstanbul’a 3’üncü havalimanı gerekli miydi?,3.11.2017,National Newspaper,,,,
273,Prof. Dr. Ata Atun,Kocaeli Kartepe Zirvesi,30.10.2017,National Newspaper,,,,
274,Mevlüt Özcan,Hacamat nasıl yapılır?,5.12.2017,National Newspaper,,,,
275,Mevlüt Özcan,Silah Taşımak,28.11.2017,National Newspaper,,,,
276,Mevlüt Özcan,Sürekli namaz kılmanın fazileti,25.11.2017,National Newspaper,,,,
277,Mevlüt Özcan,Selam ile ilgili bir konu,14.11.2017,National Newspaper,,,,
278,Mevlüt Özcan,Hâl-hatır sormak,10.11.2017,National Newspaper,,,,
279,Mevlüt Özcan,Esvaplar,31.10.2017,National Newspaper,,,,
280,Mevlüt Özcan,Allah’ a teslimiyetin saadeti,21.10.2017,National Newspaper,,,,
281,Mevlüt Özcan,Sihir ve büyü şeytan yoludur,17.10.2017,National Newspaper,,,,
282,Mevlüt Özcan,Evlerimiz hapishanelerimiz oldu,14.10.2017,National Newspaper,,,,
283,Mevlüt Özcan,Nasıl iyi olacaksınız?,30.9.2017,National Newspaper,,,,
284,Mahmut Toptaş,Ortak değerlerimiz nelerdir?,6.12.2017,National Newspaper,,,,
285,Mahmut Toptaş,Ayete kulak verelim,5.12.2017,National Newspaper,,,,
286,Mahmut Toptaş,Biz bu çağın davetçileriyiz,4.12.2017,National Newspaper,,,,
287,Mahmut Toptaş,Biz bu çağın şahitleriyiz,1.12.2017,National Newspaper,,,,
288,Mahmut Toptaş,Müslüman vize tuzağı kuramaz,30.11.2017,National Newspaper,,,,
289,Mahmut Toptaş,Sulh ve savaş,29.11.2017,National Newspaper,,,,
290,Mahmut Toptaş,İşaret Taşlarımızla Oynuyorlar,28.11.2017,National Newspaper,,,,
291,Mahmut Toptaş,Sorunlular sorun çıkarırlar,27.11.2017,National Newspaper,,,,
292,Mahmut Toptaş,Eğitim bozukluğundan kan gövdeyi götürüyor…,24.11.2017,National Newspaper,,,,
293,Mahmut Toptaş,Bülbülü gülden ayıramazsınız,23.11.2017,National Newspaper,,,,
294,Fatma Tuncer,Mazoşist bireyler,6.12.2017,National Newspaper,,,,
295,Fatma Tuncer,Genç bireylerin sorumluluğu,5.12.2017,National Newspaper,,,,
296,Fatma Tuncer,Bir öğretmen olarak Mus’ab Bin Ümeyr,4.12.2017,National Newspaper,,,,
297,Fatma Tuncer,Gençler nereye koşuyor?,30.11.2017,National Newspaper,,,,
298,Fatma Tuncer,Siz olsanız ne yapardınız?,29.11.2017,National Newspaper,,,,
299,Fatma Tuncer,Neler yapabiliriz?,28.11.2017,National Newspaper,,,,
300,Fatma Tuncer,Okumaya vakit bulamıyor musunuz?,27.11.2017,National Newspaper,,,,
301,Fatma Tuncer,Bizden olmayan gitsin,25.11.2017,National Newspaper,,,,
302,Fatma Tuncer,Balfour Deklerasyonu,24.11.2017,National Newspaper,,,,
303,Fatma Tuncer,Kadının kadına düşmanlığı,23.11.2017,National Newspaper,,,,
304,Melih Altınok,Erdoğan Atina’da da ezberleri bozdu!,8.12.2017,Morning Newspaper,,,,
305,Melih Altınok,Ger bakalım,6.12.2017,Morning Newspaper,,,,
306,Melih Altınok,Cumhurbaşkanının kulağına gelenler ne?,4.12.2017,Morning Newspaper,,,,
307,Melih Altınok,“6. Filo defol”dan “Yoldaş Amerika”ya...,3.12.2017,Morning Newspaper,,,,
308,Melih Altınok,Kemal Bey nasıl yapıyor ediyor da...,02.12.2017,Morning Newspaper,,,,
309,Melih Altınok,Yallah Amerika’ya!,1.12.2017,Morning Newspaper,,,,
310,Zeki Ceyhan,Armudun sapı, üzümün çöpü!,6.12.2017,National Newspaper,,,
311,Melih Altınok,Bu “ecnebilerin” başka işi gücü yok mu kardeşim?,29.11.2017,Morning Newspaper,,,,
312,Zeki Ceyhan,Bakalım “Mustafa” neler yapacak?,5.12.2017,National Newspaper,,,,
313,Melih Altınok,“Ajan” söyle bakalım şimdi ne olacak?,27.11.2017,Morning Newspaper,,,,
314,Melih Altınok,Davutoğlu’nu kim niye yasaklasın Allah aşkına?,26.11.2017,Morning Newspaper,,,,
315,Melih Altınok,Patron Trump’ın çırak çıktığı o fotoğraf,25.11.2017,Morning Newspaper,,,,
316,Zeki Ceyhan,Gülelim mi, ağlayalım mı?,4.12.2017,National Newspaper,,,
317,Zeki Ceyhan,Demek ki yetmiyormuş!,2.12.2017,National Newspaper,,,,
318,Zeki Ceyhan,Müttefiklik yarışı!,30.11.2017,National Newspaper,,,,
319,Berat Albayrak,Yeni bin yılın şafağında,28.9.2015,Morning Newspaper,,,,
320,Zeki Ceyhan,Partini kur ama!,29.11.2017,National Newspaper,,,,
321,Berat Albayrak,Piyasalar! Endişeye mahal yok,21.9.2015,Morning Newspaper,,,,
322,Zeki Ceyhan,Bu daha büyük saçmalık!,28.11.2017,National Newspaper,,,,
323,Berat Albayrak,Yeni vitrin Yeni Türkiye,14.9.2015,Morning Newspaper,,,,
324,Zeki Ceyhan,Dileriz yine yanılmıyorlardır!,27.11.2017,National Newspaper,,,,
325,Zeki Ceyhan,Bir anlamı yok!,25.11.2017,National Newspaper,,,,
326,Berat Albayrak,Sanal algı ve gerçekler,7.9.2015,Morning Newspaper,,,,
327,Berat Albayrak,Ekonomi savaşları,31.8.2015,Morning Newspaper,,,,
328,Zeki Ceyhan,Gizli tanıklık sorgulanıyor!,24.11.2017,National Newspaper,,,,
329,Berat Albayrak,Geçmiş zaman olur ki!,24.8.2015,Morning Newspaper,,,,
330,Berat Albayrak,Manipülasyon sezonu açıldı,17.8.2015,Morning Newspaper,,,,
331,Berat Albayrak,Siyaset ve Manifesto Safsatası,10.8.2015,Morning Newspaper,,,,
332,Berat Albayrak,Yeni Doğu,3.8.2015,Morning Newspaper,,,,
333,Berat Albayrak,Çin ve yeni dünya,28.7.2015,Morning Newspaper,,,,
334,Bercan Tutar,Soysuzlar çetesi yine kaybedecek,3.12.2017,Morning Newspaper,,,,
335,MEVLÜT TEZEL,Seda Sayan’a 1 Lira az!,8.12.2017,Morning Newspaper,,,,
336,MEVLÜT TEZEL,Diktatörler bile bunu söylemez!,7.12.2017,Morning Newspaper,,,,
337,MEVLÜT TEZEL,Devir değişti, Cem Yılmaz da değişti,6.12.2017,Morning Newspaper,,,
338,MEVLÜT TEZEL,Tarihten ders çıkar, #aynıgemideyiz!,1.12.2017,Morning Newspaper,,,
339,MEVLÜT TEZEL,CHP’nin zihniyeti buysa yandık!,27.11.2017,Morning Newspaper,,,,
340,MEVLÜT TEZEL,Netflix, Türkiye ve Erdoğan’dan özür diler mi?,21.11.2017,Morning Newspaper,,,
341,MEVLÜT TEZEL,FETÖ tezlerini savunan dizi,20.11.2017,Morning Newspaper,,,,
342,MEVLÜT TEZEL,Erdoğan-Elon Musk buluşması,9.11.2017,Morning Newspaper,,,,
343,MEVLÜT TEZEL,Yoksa herkes yeni AKM’yi beğendi mi?,8.11.2017,Morning Newspaper,,,,
344,MEVLÜT TEZEL,Cem Korkmaz neden intihar etti?,3.11.2017,Morning Newspaper,,,,
345,OKAN MÜDERRİSOĞLU,Kurdaki dalgalanma geçici,8.12.2017,Morning Newspaper,,,,
346,OKAN MÜDERRİSOĞLU,Küresel ekmek kavgası... CHP’nin tehdidi!..,7.12.2017,Morning Newspaper,,,,
347,OKAN MÜDERRİSOĞLU,Türkiye’nin çıkarları mı, ABD çıkarları mı?,5.12.2017,Morning Newspaper,,,
348,OKAN MÜDERRİSOĞLU,New York... Ankara... Tahran...,2.12.2017,Morning Newspaper,,,,
349,OKAN MÜDERRİSOĞLU,Kılıçdaroğlu “Bu işi ne uğruna ne zaman, nasıl yapıyor?”,30.11.2017,Morning Newspaper,,,
350,OKAN MÜDERRİSOĞLU,Bu bir “inanç” meselesidir!,28.11.2017,Morning Newspaper,,,,
351,OKAN MÜDERRİSOĞLU,NATO’nun cevaplaması gereken sorular...,25.11.2017,Morning Newspaper,,,,
352,OKAN MÜDERRİSOĞLU,Zor oyunu bozar!,23.11.2017,Morning Newspaper,,,,
353,OKAN MÜDERRİSOĞLU,Soçi’de son tur pazarlığı,21.11.2017,Morning Newspaper,,,,
354,OKAN MÜDERRİSOĞLU,PKK’ya “kaç” PYD-YPG’ye “tut” oyunu,18.11.2017,Morning Newspaper,,,,
355,NİHAT HATİPOĞLU,Dünya Müslümanları özeleştiri yapmalı,8.12.2017,Morning Newspaper,,,,
356,NİHAT HATİPOĞLU,Gençleri dışlamayalım,1.12.2017,Morning Newspaper,,,,
357,NİHAT HATİPOĞLU,Mevlid Kandili birliğe fırsat olsun,24.11.2017,Morning Newspaper,,,,
358,NİHAT HATİPOĞLU,Farkında mısın?,17.11.2017,Morning Newspaper,,,,
359,NİHAT HATİPOĞLU,Müslümanlar ne zaman huzura erer?,10.11.2017,Morning Newspaper,,,,
360,NİHAT HATİPOĞLU,Fıkıh mezheplerinin çıkışı üzerine,3.11.2017,Morning Newspaper,,,,
361,NİHAT HATİPOĞLU,Cumhurbaşkanımızın hadisle ilgili hassasiyeti,27.10.2017,Morning Newspaper,,,,
362,NİHAT HATİPOĞLU,Ölüler dirilseydi,20.10.2017,Morning Newspaper,,,,
363,NİHAT HATİPOĞLU,Büyük günahlar,11.8.2017,Morning Newspaper,,,,
364,NİHAT HATİPOĞLU,Kur’an-ı Kerim son peygamberi tanıtıyor,4.8.2017,Morning Newspaper,,,,
,,,,,,,,
,,,,,,,,
,,,,,,,,
,,,,,,,,
,,,,,,,,
,,,,,,,,
,,,,,,,,
,,,,,,,,
,,,,,,,,
,,,,,,,,
375,Bercan Tutar,Zarrab tiyatrosu,30.11.2017,Morning Newspaper,,,,
376,Bercan Tutar,YPG’lilerde Trump şoku,26.11.2017,Morning Newspaper,,,,
377,Bercan Tutar,ABD Soçi’de neden yoktu?,23.11.2017,Morning Newspaper,,,,
378,Bercan Tutar,Nato kafa nato mermer!,19.11.2017,Morning Newspaper,,,,
379,Bercan Tutar,Rakka’daki kirli ittifaka Sülo tokadı,16.11.2017,Morning Newspaper,,,,
380,Bercan Tutar,Kral Selman’a ‘Barzani uyarısı’,12.11.2017,Morning Newspaper,,,,
381,Bercan Tutar,Trump’ın ‘Yeni Riyad’ projesi hüsranla bitecek,9.11.2017,Morning Newspaper,,,,
382,Bercan Tutar,Düşmanın gücü zayıflığınız kadardır,5.11.2017,Morning Newspaper,,,,
383,Bercan Tutar,Dünyanın en büyük güvenlik sorunu artık ABD,15.10.2017,Morning Newspaper,,,,
384,Dilek Güngör,Borajet’in eski sahibi dava açıyor,8.12.2017,Morning Newspaper,,,,
385,Dilek Güngör,Londra’yı mesken tutan işadamları!,6.12.2017,Morning Newspaper,,,,
386,Dilek Güngör,Zararı cepten ödeyip Rusya’yla anlaştılar,3.12.2017,Morning Newspaper,,,,
387,Dilek Güngör,Sizi biri fena işletmiş Kemal Bey!,30.11.2017,Morning Newspaper,,,,
388,Dilek Güngör,Canıtez’e gizli görev veren Emniyetçiler kim?,29.11.2017,Morning Newspaper,,,,
389,Dilek Güngör,9 yılda sıfır faiz ile ev satın alabilirsiniz,26.11.2017,Morning Newspaper,,,,
390,Dilek Güngör,Dövizle kiralar kaldırılsın!,24.11.2017,Morning Newspaper,,,,
391,Dilek Güngör,Kamu savaşa girdi!,22.11.2017,Morning Newspaper,,,,
392,Dilek Güngör,Tezgah büyük,18.11.2017,Morning Newspaper,,,,
393,Dilek Güngör,Halkbank’ta cirit atan kim?,17.11.2017,Morning Newspaper,,,,
394,NUR ÇİNTAY,Dayanışmanın tadı,3.12.2017,Morning Newspaper,,,,
395,NUR ÇİNTAY,18 saatlik uçak yolculuğu,3.12.2017,Morning Newspaper,,,,
396,NUR ÇİNTAY,Her kadın bir gün prenses olabilir!,2.12.2017,Morning Newspaper,,,,
397,NUR ÇİNTAY,Damağa ve dimağa,19.11.2017,Morning Newspaper,,,,
398,NUR ÇİNTAY,Aynı semtlere hapsolmayalım!,18.11.2017,Morning Newspaper,,,,
399,NUR ÇİNTAY,Şefkatli güç: Gastronomi,12.11.2017,Morning Newspaper,,,,
400,NUR ÇİNTAY,Efsane tren yolculukları,12.11.2017,Morning Newspaper,,,,
401,NUR ÇİNTAY,Son dakikacılar buraya!,11.11.2017,Morning Newspaper,,,,
402,NUR ÇİNTAY,Hayata Sarıl Lokantası,5.11.2017,Morning Newspaper,,,,
403,NUR ÇİNTAY,Üç patetik vaka,4.11.2017,Morning Newspaper,,,,
